label,scope,split,subset,count
0,overall,overall,overall,5399
1,overall,overall,overall,217
10,overall,overall,overall,67
100,overall,overall,overall,197
101,overall,overall,overall,95
102,overall,overall,overall,46
103,overall,overall,overall,109
104,overall,overall,overall,311
105,overall,overall,overall,45
106,overall,overall,overall,96
108,overall,overall,overall,413
109,overall,overall,overall,26
11,overall,overall,overall,154
110,overall,overall,overall,46
111,overall,overall,overall,25
112,overall,overall,overall,110
113,overall,overall,overall,204
114,overall,overall,overall,199
115,overall,overall,overall,171
116,overall,overall,overall,7
117,overall,overall,overall,91
118,overall,overall,overall,100
119,overall,overall,overall,71
12,overall,overall,overall,121
120,overall,overall,overall,139
121,overall,overall,overall,376
122,overall,overall,overall,59
123,overall,overall,overall,142
124,overall,overall,overall,29
125,overall,overall,overall,96
126,overall,overall,overall,42
127,overall,overall,overall,98
128,overall,overall,overall,72
129,overall,overall,overall,265
13,overall,overall,overall,94
130,overall,overall,overall,364
131,overall,overall,overall,393
132,overall,overall,overall,76
133,overall,overall,overall,588
134,overall,overall,overall,42
135,overall,overall,overall,4
136,overall,overall,overall,25
137,overall,overall,overall,142
14,overall,overall,overall,144
15,overall,overall,overall,511
16,overall,overall,overall,768
17,overall,overall,overall,934
18,overall,overall,overall,87
19,overall,overall,overall,278
2,overall,overall,overall,163
20,overall,overall,overall,34
21,overall,overall,overall,43
22,overall,overall,overall,38
23,overall,overall,overall,14
24,overall,overall,overall,168
25,overall,overall,overall,23
26,overall,overall,overall,50
28,overall,overall,overall,9
29,overall,overall,overall,118
3,overall,overall,overall,248
30,overall,overall,overall,20
31,overall,overall,overall,18
32,overall,overall,overall,110
33,overall,overall,overall,260
34,overall,overall,overall,289
35,overall,overall,overall,204
36,overall,overall,overall,98
37,overall,overall,overall,309
38,overall,overall,overall,318
39,overall,overall,overall,1191
4,overall,overall,overall,235
40,overall,overall,overall,73
41,overall,overall,overall,239
42,overall,overall,overall,283
43,overall,overall,overall,91
44,overall,overall,overall,127
45,overall,overall,overall,17
46,overall,overall,overall,121
47,overall,overall,overall,238
48,overall,overall,overall,205
49,overall,overall,overall,35
5,overall,overall,overall,192
50,overall,overall,overall,128
51,overall,overall,overall,29
52,overall,overall,overall,642
53,overall,overall,overall,43
54,overall,overall,overall,479
55,overall,overall,overall,178
56,overall,overall,overall,48
57,overall,overall,overall,29
58,overall,overall,overall,383
59,overall,overall,overall,1344
6,overall,overall,overall,173
60,overall,overall,overall,82
61,overall,overall,overall,209
62,overall,overall,overall,79
63,overall,overall,overall,112
64,overall,overall,overall,127
65,overall,overall,overall,451
66,overall,overall,overall,1437
67,overall,overall,overall,93
68,overall,overall,overall,563
69,overall,overall,overall,14
7,overall,overall,overall,969
70,overall,overall,overall,119
71,overall,overall,overall,138
72,overall,overall,overall,324
73,overall,overall,overall,264
74,overall,overall,overall,178
75,overall,overall,overall,110
76,overall,overall,overall,23
77,overall,overall,overall,51
78,overall,overall,overall,268
79,overall,overall,overall,4
8,overall,overall,overall,58
80,overall,overall,overall,997
81,overall,overall,overall,628
82,overall,overall,overall,259
83,overall,overall,overall,1034
84,overall,overall,overall,106
85,overall,overall,overall,35
86,overall,overall,overall,80
87,overall,overall,overall,106
88,overall,overall,overall,220
89,overall,overall,overall,118
9,overall,overall,overall,649
90,overall,overall,overall,28
91,overall,overall,overall,270
92,overall,overall,overall,64
93,overall,overall,overall,54
95,overall,overall,overall,14
96,overall,overall,overall,20
97,overall,overall,overall,36
98,overall,overall,overall,517
99,overall,overall,overall,2867
0,split,cross_subject,train,4111
1,split,cross_subject,train,176
10,split,cross_subject,train,55
100,split,cross_subject,train,125
101,split,cross_subject,train,79
102,split,cross_subject,train,34
103,split,cross_subject,train,89
104,split,cross_subject,train,230
105,split,cross_subject,train,42
106,split,cross_subject,train,79
108,split,cross_subject,train,327
109,split,cross_subject,train,16
11,split,cross_subject,train,120
110,split,cross_subject,train,34
111,split,cross_subject,train,19
112,split,cross_subject,train,87
113,split,cross_subject,train,139
114,split,cross_subject,train,133
115,split,cross_subject,train,129
116,split,cross_subject,train,5
117,split,cross_subject,train,75
118,split,cross_subject,train,76
119,split,cross_subject,train,55
12,split,cross_subject,train,96
120,split,cross_subject,train,107
121,split,cross_subject,train,291
122,split,cross_subject,train,47
123,split,cross_subject,train,104
124,split,cross_subject,train,19
125,split,cross_subject,train,71
126,split,cross_subject,train,28
127,split,cross_subject,train,80
128,split,cross_subject,train,54
129,split,cross_subject,train,214
13,split,cross_subject,train,73
130,split,cross_subject,train,296
131,split,cross_subject,train,323
132,split,cross_subject,train,61
133,split,cross_subject,train,440
134,split,cross_subject,train,36
135,split,cross_subject,train,4
136,split,cross_subject,train,16
137,split,cross_subject,train,96
14,split,cross_subject,train,109
15,split,cross_subject,train,408
16,split,cross_subject,train,611
17,split,cross_subject,train,706
18,split,cross_subject,train,63
19,split,cross_subject,train,204
2,split,cross_subject,train,122
20,split,cross_subject,train,23
21,split,cross_subject,train,30
22,split,cross_subject,train,32
23,split,cross_subject,train,9
24,split,cross_subject,train,119
25,split,cross_subject,train,19
26,split,cross_subject,train,45
28,split,cross_subject,train,9
29,split,cross_subject,train,98
3,split,cross_subject,train,203
30,split,cross_subject,train,8
31,split,cross_subject,train,11
32,split,cross_subject,train,80
33,split,cross_subject,train,180
34,split,cross_subject,train,207
35,split,cross_subject,train,162
36,split,cross_subject,train,81
37,split,cross_subject,train,260
38,split,cross_subject,train,263
39,split,cross_subject,train,979
4,split,cross_subject,train,194
40,split,cross_subject,train,57
41,split,cross_subject,train,193
42,split,cross_subject,train,210
43,split,cross_subject,train,67
44,split,cross_subject,train,97
45,split,cross_subject,train,10
46,split,cross_subject,train,80
47,split,cross_subject,train,188
48,split,cross_subject,train,155
49,split,cross_subject,train,26
5,split,cross_subject,train,163
50,split,cross_subject,train,97
51,split,cross_subject,train,27
52,split,cross_subject,train,515
53,split,cross_subject,train,39
54,split,cross_subject,train,392
55,split,cross_subject,train,152
56,split,cross_subject,train,41
57,split,cross_subject,train,25
58,split,cross_subject,train,300
59,split,cross_subject,train,1086
6,split,cross_subject,train,134
60,split,cross_subject,train,66
61,split,cross_subject,train,165
62,split,cross_subject,train,60
63,split,cross_subject,train,84
64,split,cross_subject,train,102
65,split,cross_subject,train,341
66,split,cross_subject,train,1067
67,split,cross_subject,train,68
68,split,cross_subject,train,434
69,split,cross_subject,train,10
7,split,cross_subject,train,755
70,split,cross_subject,train,96
71,split,cross_subject,train,105
72,split,cross_subject,train,274
73,split,cross_subject,train,206
74,split,cross_subject,train,153
75,split,cross_subject,train,94
76,split,cross_subject,train,22
77,split,cross_subject,train,45
78,split,cross_subject,train,207
79,split,cross_subject,train,4
8,split,cross_subject,train,48
80,split,cross_subject,train,795
81,split,cross_subject,train,445
82,split,cross_subject,train,209
83,split,cross_subject,train,837
84,split,cross_subject,train,86
85,split,cross_subject,train,31
86,split,cross_subject,train,66
87,split,cross_subject,train,85
88,split,cross_subject,train,178
89,split,cross_subject,train,81
9,split,cross_subject,train,534
90,split,cross_subject,train,24
91,split,cross_subject,train,218
92,split,cross_subject,train,55
93,split,cross_subject,train,45
95,split,cross_subject,train,5
96,split,cross_subject,train,11
97,split,cross_subject,train,15
98,split,cross_subject,train,407
99,split,cross_subject,train,2157
0,split,cross_subject,val,725
1,split,cross_subject,val,23
10,split,cross_subject,val,7
100,split,cross_subject,val,43
101,split,cross_subject,val,10
102,split,cross_subject,val,7
103,split,cross_subject,val,9
104,split,cross_subject,val,47
105,split,cross_subject,val,1
106,split,cross_subject,val,11
108,split,cross_subject,val,58
109,split,cross_subject,val,7
11,split,cross_subject,val,21
110,split,cross_subject,val,9
111,split,cross_subject,val,2
112,split,cross_subject,val,11
113,split,cross_subject,val,29
114,split,cross_subject,val,32
115,split,cross_subject,val,19
116,split,cross_subject,val,1
117,split,cross_subject,val,8
118,split,cross_subject,val,11
119,split,cross_subject,val,8
12,split,cross_subject,val,13
120,split,cross_subject,val,13
121,split,cross_subject,val,44
122,split,cross_subject,val,3
123,split,cross_subject,val,18
124,split,cross_subject,val,6
125,split,cross_subject,val,7
126,split,cross_subject,val,6
127,split,cross_subject,val,9
128,split,cross_subject,val,11
129,split,cross_subject,val,28
13,split,cross_subject,val,14
130,split,cross_subject,val,29
131,split,cross_subject,val,35
132,split,cross_subject,val,5
133,split,cross_subject,val,61
134,split,cross_subject,val,4
135,split,cross_subject,val,0
136,split,cross_subject,val,7
137,split,cross_subject,val,23
14,split,cross_subject,val,14
15,split,cross_subject,val,53
16,split,cross_subject,val,73
17,split,cross_subject,val,125
18,split,cross_subject,val,12
19,split,cross_subject,val,43
2,split,cross_subject,val,25
20,split,cross_subject,val,4
21,split,cross_subject,val,10
22,split,cross_subject,val,4
23,split,cross_subject,val,3
24,split,cross_subject,val,21
25,split,cross_subject,val,2
26,split,cross_subject,val,2
28,split,cross_subject,val,0
29,split,cross_subject,val,13
3,split,cross_subject,val,22
30,split,cross_subject,val,9
31,split,cross_subject,val,1
32,split,cross_subject,val,17
33,split,cross_subject,val,41
34,split,cross_subject,val,35
35,split,cross_subject,val,32
36,split,cross_subject,val,10
37,split,cross_subject,val,25
38,split,cross_subject,val,43
39,split,cross_subject,val,122
4,split,cross_subject,val,27
40,split,cross_subject,val,8
41,split,cross_subject,val,29
42,split,cross_subject,val,48
43,split,cross_subject,val,10
44,split,cross_subject,val,21
45,split,cross_subject,val,3
46,split,cross_subject,val,16
47,split,cross_subject,val,18
48,split,cross_subject,val,21
49,split,cross_subject,val,5
5,split,cross_subject,val,18
50,split,cross_subject,val,20
51,split,cross_subject,val,2
52,split,cross_subject,val,81
53,split,cross_subject,val,4
54,split,cross_subject,val,48
55,split,cross_subject,val,13
56,split,cross_subject,val,7
57,split,cross_subject,val,3
58,split,cross_subject,val,48
59,split,cross_subject,val,138
6,split,cross_subject,val,25
60,split,cross_subject,val,11
61,split,cross_subject,val,22
62,split,cross_subject,val,4
63,split,cross_subject,val,17
64,split,cross_subject,val,7
65,split,cross_subject,val,43
66,split,cross_subject,val,162
67,split,cross_subject,val,11
68,split,cross_subject,val,54
69,split,cross_subject,val,3
7,split,cross_subject,val,125
70,split,cross_subject,val,12
71,split,cross_subject,val,14
72,split,cross_subject,val,37
73,split,cross_subject,val,37
74,split,cross_subject,val,15
75,split,cross_subject,val,12
76,split,cross_subject,val,0
77,split,cross_subject,val,5
78,split,cross_subject,val,26
79,split,cross_subject,val,0
8,split,cross_subject,val,6
80,split,cross_subject,val,102
81,split,cross_subject,val,72
82,split,cross_subject,val,28
83,split,cross_subject,val,87
84,split,cross_subject,val,12
85,split,cross_subject,val,3
86,split,cross_subject,val,8
87,split,cross_subject,val,11
88,split,cross_subject,val,15
89,split,cross_subject,val,25
9,split,cross_subject,val,70
90,split,cross_subject,val,2
91,split,cross_subject,val,29
92,split,cross_subject,val,3
93,split,cross_subject,val,6
95,split,cross_subject,val,6
96,split,cross_subject,val,5
97,split,cross_subject,val,12
98,split,cross_subject,val,64
99,split,cross_subject,val,384
0,split,cross_subject,test,563
1,split,cross_subject,test,18
10,split,cross_subject,test,5
100,split,cross_subject,test,29
101,split,cross_subject,test,6
102,split,cross_subject,test,5
103,split,cross_subject,test,11
104,split,cross_subject,test,34
105,split,cross_subject,test,2
106,split,cross_subject,test,6
108,split,cross_subject,test,28
109,split,cross_subject,test,3
11,split,cross_subject,test,13
110,split,cross_subject,test,3
111,split,cross_subject,test,4
112,split,cross_subject,test,12
113,split,cross_subject,test,36
114,split,cross_subject,test,34
115,split,cross_subject,test,23
116,split,cross_subject,test,1
117,split,cross_subject,test,8
118,split,cross_subject,test,13
119,split,cross_subject,test,8
12,split,cross_subject,test,12
120,split,cross_subject,test,19
121,split,cross_subject,test,41
122,split,cross_subject,test,9
123,split,cross_subject,test,20
124,split,cross_subject,test,4
125,split,cross_subject,test,18
126,split,cross_subject,test,8
127,split,cross_subject,test,9
128,split,cross_subject,test,7
129,split,cross_subject,test,23
13,split,cross_subject,test,7
130,split,cross_subject,test,39
131,split,cross_subject,test,35
132,split,cross_subject,test,10
133,split,cross_subject,test,87
134,split,cross_subject,test,2
135,split,cross_subject,test,0
136,split,cross_subject,test,2
137,split,cross_subject,test,23
14,split,cross_subject,test,21
15,split,cross_subject,test,50
16,split,cross_subject,test,84
17,split,cross_subject,test,103
18,split,cross_subject,test,12
19,split,cross_subject,test,31
2,split,cross_subject,test,16
20,split,cross_subject,test,7
21,split,cross_subject,test,3
22,split,cross_subject,test,2
23,split,cross_subject,test,2
24,split,cross_subject,test,28
25,split,cross_subject,test,2
26,split,cross_subject,test,3
28,split,cross_subject,test,0
29,split,cross_subject,test,7
3,split,cross_subject,test,23
30,split,cross_subject,test,3
31,split,cross_subject,test,6
32,split,cross_subject,test,13
33,split,cross_subject,test,39
34,split,cross_subject,test,47
35,split,cross_subject,test,10
36,split,cross_subject,test,7
37,split,cross_subject,test,24
38,split,cross_subject,test,12
39,split,cross_subject,test,90
4,split,cross_subject,test,14
40,split,cross_subject,test,8
41,split,cross_subject,test,17
42,split,cross_subject,test,25
43,split,cross_subject,test,14
44,split,cross_subject,test,9
45,split,cross_subject,test,4
46,split,cross_subject,test,25
47,split,cross_subject,test,32
48,split,cross_subject,test,29
49,split,cross_subject,test,4
5,split,cross_subject,test,11
50,split,cross_subject,test,11
51,split,cross_subject,test,0
52,split,cross_subject,test,46
53,split,cross_subject,test,0
54,split,cross_subject,test,39
55,split,cross_subject,test,13
56,split,cross_subject,test,0
57,split,cross_subject,test,1
58,split,cross_subject,test,35
59,split,cross_subject,test,120
6,split,cross_subject,test,14
60,split,cross_subject,test,5
61,split,cross_subject,test,22
62,split,cross_subject,test,15
63,split,cross_subject,test,11
64,split,cross_subject,test,18
65,split,cross_subject,test,67
66,split,cross_subject,test,208
67,split,cross_subject,test,14
68,split,cross_subject,test,75
69,split,cross_subject,test,1
7,split,cross_subject,test,89
70,split,cross_subject,test,11
71,split,cross_subject,test,19
72,split,cross_subject,test,13
73,split,cross_subject,test,21
74,split,cross_subject,test,10
75,split,cross_subject,test,4
76,split,cross_subject,test,1
77,split,cross_subject,test,1
78,split,cross_subject,test,35
79,split,cross_subject,test,0
8,split,cross_subject,test,4
80,split,cross_subject,test,100
81,split,cross_subject,test,111
82,split,cross_subject,test,22
83,split,cross_subject,test,110
84,split,cross_subject,test,8
85,split,cross_subject,test,1
86,split,cross_subject,test,6
87,split,cross_subject,test,10
88,split,cross_subject,test,27
89,split,cross_subject,test,12
9,split,cross_subject,test,45
90,split,cross_subject,test,2
91,split,cross_subject,test,23
92,split,cross_subject,test,6
93,split,cross_subject,test,3
95,split,cross_subject,test,3
96,split,cross_subject,test,4
97,split,cross_subject,test,9
98,split,cross_subject,test,46
99,split,cross_subject,test,326
0,split,subject_exclusive,train,4334
1,split,subject_exclusive,train,184
10,split,subject_exclusive,train,57
100,split,subject_exclusive,train,142
101,split,subject_exclusive,train,92
102,split,subject_exclusive,train,38
103,split,subject_exclusive,train,100
104,split,subject_exclusive,train,265
105,split,subject_exclusive,train,41
106,split,subject_exclusive,train,84
108,split,subject_exclusive,train,342
109,split,subject_exclusive,train,20
11,split,subject_exclusive,train,127
110,split,subject_exclusive,train,37
111,split,subject_exclusive,train,23
112,split,subject_exclusive,train,92
113,split,subject_exclusive,train,164
114,split,subject_exclusive,train,157
115,split,subject_exclusive,train,146
116,split,subject_exclusive,train,7
117,split,subject_exclusive,train,86
118,split,subject_exclusive,train,90
119,split,subject_exclusive,train,58
12,split,subject_exclusive,train,105
120,split,subject_exclusive,train,122
121,split,subject_exclusive,train,320
122,split,subject_exclusive,train,55
123,split,subject_exclusive,train,108
124,split,subject_exclusive,train,15
125,split,subject_exclusive,train,87
126,split,subject_exclusive,train,35
127,split,subject_exclusive,train,89
128,split,subject_exclusive,train,58
129,split,subject_exclusive,train,215
13,split,subject_exclusive,train,79
130,split,subject_exclusive,train,314
131,split,subject_exclusive,train,353
132,split,subject_exclusive,train,68
133,split,subject_exclusive,train,505
134,split,subject_exclusive,train,38
135,split,subject_exclusive,train,4
136,split,subject_exclusive,train,18
137,split,subject_exclusive,train,116
14,split,subject_exclusive,train,124
15,split,subject_exclusive,train,420
16,split,subject_exclusive,train,656
17,split,subject_exclusive,train,789
18,split,subject_exclusive,train,65
19,split,subject_exclusive,train,213
2,split,subject_exclusive,train,123
20,split,subject_exclusive,train,29
21,split,subject_exclusive,train,31
22,split,subject_exclusive,train,34
23,split,subject_exclusive,train,11
24,split,subject_exclusive,train,136
25,split,subject_exclusive,train,21
26,split,subject_exclusive,train,47
28,split,subject_exclusive,train,9
29,split,subject_exclusive,train,104
3,split,subject_exclusive,train,225
30,split,subject_exclusive,train,9
31,split,subject_exclusive,train,15
32,split,subject_exclusive,train,95
33,split,subject_exclusive,train,212
34,split,subject_exclusive,train,249
35,split,subject_exclusive,train,168
36,split,subject_exclusive,train,87
37,split,subject_exclusive,train,261
38,split,subject_exclusive,train,270
39,split,subject_exclusive,train,1048
4,split,subject_exclusive,train,197
40,split,subject_exclusive,train,60
41,split,subject_exclusive,train,197
42,split,subject_exclusive,train,229
43,split,subject_exclusive,train,69
44,split,subject_exclusive,train,98
45,split,subject_exclusive,train,14
46,split,subject_exclusive,train,96
47,split,subject_exclusive,train,212
48,split,subject_exclusive,train,181
49,split,subject_exclusive,train,16
5,split,subject_exclusive,train,171
50,split,subject_exclusive,train,107
51,split,subject_exclusive,train,27
52,split,subject_exclusive,train,523
53,split,subject_exclusive,train,32
54,split,subject_exclusive,train,415
55,split,subject_exclusive,train,152
56,split,subject_exclusive,train,31
57,split,subject_exclusive,train,21
58,split,subject_exclusive,train,334
59,split,subject_exclusive,train,1164
6,split,subject_exclusive,train,143
60,split,subject_exclusive,train,70
61,split,subject_exclusive,train,171
62,split,subject_exclusive,train,77
63,split,subject_exclusive,train,82
64,split,subject_exclusive,train,99
65,split,subject_exclusive,train,394
66,split,subject_exclusive,train,1227
67,split,subject_exclusive,train,81
68,split,subject_exclusive,train,487
69,split,subject_exclusive,train,11
7,split,subject_exclusive,train,813
70,split,subject_exclusive,train,96
71,split,subject_exclusive,train,121
72,split,subject_exclusive,train,288
73,split,subject_exclusive,train,224
74,split,subject_exclusive,train,152
75,split,subject_exclusive,train,99
76,split,subject_exclusive,train,21
77,split,subject_exclusive,train,46
78,split,subject_exclusive,train,237
79,split,subject_exclusive,train,4
8,split,subject_exclusive,train,46
80,split,subject_exclusive,train,893
81,split,subject_exclusive,train,538
82,split,subject_exclusive,train,210
83,split,subject_exclusive,train,891
84,split,subject_exclusive,train,93
85,split,subject_exclusive,train,32
86,split,subject_exclusive,train,73
87,split,subject_exclusive,train,93
88,split,subject_exclusive,train,198
89,split,subject_exclusive,train,88
9,split,subject_exclusive,train,541
90,split,subject_exclusive,train,25
91,split,subject_exclusive,train,236
92,split,subject_exclusive,train,62
93,split,subject_exclusive,train,47
95,split,subject_exclusive,train,6
96,split,subject_exclusive,train,13
97,split,subject_exclusive,train,20
98,split,subject_exclusive,train,407
99,split,subject_exclusive,train,2260
0,split,subject_exclusive,val,824
1,split,subject_exclusive,val,18
10,split,subject_exclusive,val,6
100,split,subject_exclusive,val,55
101,split,subject_exclusive,val,3
102,split,subject_exclusive,val,8
103,split,subject_exclusive,val,9
104,split,subject_exclusive,val,46
105,split,subject_exclusive,val,4
106,split,subject_exclusive,val,7
108,split,subject_exclusive,val,49
109,split,subject_exclusive,val,6
11,split,subject_exclusive,val,23
110,split,subject_exclusive,val,9
111,split,subject_exclusive,val,2
112,split,subject_exclusive,val,13
113,split,subject_exclusive,val,40
114,split,subject_exclusive,val,42
115,split,subject_exclusive,val,20
116,split,subject_exclusive,val,0
117,split,subject_exclusive,val,5
118,split,subject_exclusive,val,10
119,split,subject_exclusive,val,8
12,split,subject_exclusive,val,11
120,split,subject_exclusive,val,17
121,split,subject_exclusive,val,46
122,split,subject_exclusive,val,4
123,split,subject_exclusive,val,19
124,split,subject_exclusive,val,5
125,split,subject_exclusive,val,9
126,split,subject_exclusive,val,7
127,split,subject_exclusive,val,9
128,split,subject_exclusive,val,10
129,split,subject_exclusive,val,28
13,split,subject_exclusive,val,15
130,split,subject_exclusive,val,37
131,split,subject_exclusive,val,36
132,split,subject_exclusive,val,8
133,split,subject_exclusive,val,79
134,split,subject_exclusive,val,4
135,split,subject_exclusive,val,0
136,split,subject_exclusive,val,7
137,split,subject_exclusive,val,26
14,split,subject_exclusive,val,16
15,split,subject_exclusive,val,46
16,split,subject_exclusive,val,85
17,split,subject_exclusive,val,145
18,split,subject_exclusive,val,12
19,split,subject_exclusive,val,45
2,split,subject_exclusive,val,30
20,split,subject_exclusive,val,5
21,split,subject_exclusive,val,12
22,split,subject_exclusive,val,4
23,split,subject_exclusive,val,3
24,split,subject_exclusive,val,28
25,split,subject_exclusive,val,2
26,split,subject_exclusive,val,3
28,split,subject_exclusive,val,0
29,split,subject_exclusive,val,14
3,split,subject_exclusive,val,23
30,split,subject_exclusive,val,11
31,split,subject_exclusive,val,3
32,split,subject_exclusive,val,15
33,split,subject_exclusive,val,44
34,split,subject_exclusive,val,40
35,split,subject_exclusive,val,36
36,split,subject_exclusive,val,11
37,split,subject_exclusive,val,23
38,split,subject_exclusive,val,39
39,split,subject_exclusive,val,133
4,split,subject_exclusive,val,25
40,split,subject_exclusive,val,4
41,split,subject_exclusive,val,32
42,split,subject_exclusive,val,54
43,split,subject_exclusive,val,12
44,split,subject_exclusive,val,24
45,split,subject_exclusive,val,3
46,split,subject_exclusive,val,25
47,split,subject_exclusive,val,26
48,split,subject_exclusive,val,24
49,split,subject_exclusive,val,4
5,split,subject_exclusive,val,21
50,split,subject_exclusive,val,21
51,split,subject_exclusive,val,2
52,split,subject_exclusive,val,88
53,split,subject_exclusive,val,1
54,split,subject_exclusive,val,54
55,split,subject_exclusive,val,10
56,split,subject_exclusive,val,2
57,split,subject_exclusive,val,2
58,split,subject_exclusive,val,49
59,split,subject_exclusive,val,155
6,split,subject_exclusive,val,30
60,split,subject_exclusive,val,12
61,split,subject_exclusive,val,23
62,split,subject_exclusive,val,2
63,split,subject_exclusive,val,15
64,split,subject_exclusive,val,11
65,split,subject_exclusive,val,57
66,split,subject_exclusive,val,210
67,split,subject_exclusive,val,12
68,split,subject_exclusive,val,61
69,split,subject_exclusive,val,3
7,split,subject_exclusive,val,147
70,split,subject_exclusive,val,12
71,split,subject_exclusive,val,17
72,split,subject_exclusive,val,36
73,split,subject_exclusive,val,40
74,split,subject_exclusive,val,16
75,split,subject_exclusive,val,11
76,split,subject_exclusive,val,2
77,split,subject_exclusive,val,5
78,split,subject_exclusive,val,31
79,split,subject_exclusive,val,0
8,split,subject_exclusive,val,3
80,split,subject_exclusive,val,84
81,split,subject_exclusive,val,90
82,split,subject_exclusive,val,23
83,split,subject_exclusive,val,80
84,split,subject_exclusive,val,13
85,split,subject_exclusive,val,3
86,split,subject_exclusive,val,7
87,split,subject_exclusive,val,13
88,split,subject_exclusive,val,22
89,split,subject_exclusive,val,30
9,split,subject_exclusive,val,83
90,split,subject_exclusive,val,3
91,split,subject_exclusive,val,30
92,split,subject_exclusive,val,2
93,split,subject_exclusive,val,7
95,split,subject_exclusive,val,8
96,split,subject_exclusive,val,7
97,split,subject_exclusive,val,16
98,split,subject_exclusive,val,54
99,split,subject_exclusive,val,376
0,split,subject_exclusive,test,241
1,split,subject_exclusive,test,15
10,split,subject_exclusive,test,4
100,split,subject_exclusive,test,0
101,split,subject_exclusive,test,0
102,split,subject_exclusive,test,0
103,split,subject_exclusive,test,0
104,split,subject_exclusive,test,0
105,split,subject_exclusive,test,0
106,split,subject_exclusive,test,5
108,split,subject_exclusive,test,22
109,split,subject_exclusive,test,0
11,split,subject_exclusive,test,4
110,split,subject_exclusive,test,0
111,split,subject_exclusive,test,0
112,split,subject_exclusive,test,5
113,split,subject_exclusive,test,0
114,split,subject_exclusive,test,0
115,split,subject_exclusive,test,5
116,split,subject_exclusive,test,0
117,split,subject_exclusive,test,0
118,split,subject_exclusive,test,0
119,split,subject_exclusive,test,5
12,split,subject_exclusive,test,5
120,split,subject_exclusive,test,0
121,split,subject_exclusive,test,10
122,split,subject_exclusive,test,0
123,split,subject_exclusive,test,15
124,split,subject_exclusive,test,9
125,split,subject_exclusive,test,0
126,split,subject_exclusive,test,0
127,split,subject_exclusive,test,0
128,split,subject_exclusive,test,4
129,split,subject_exclusive,test,22
13,split,subject_exclusive,test,0
130,split,subject_exclusive,test,13
131,split,subject_exclusive,test,4
132,split,subject_exclusive,test,0
133,split,subject_exclusive,test,4
134,split,subject_exclusive,test,0
135,split,subject_exclusive,test,0
136,split,subject_exclusive,test,0
137,split,subject_exclusive,test,0
14,split,subject_exclusive,test,4
15,split,subject_exclusive,test,45
16,split,subject_exclusive,test,27
17,split,subject_exclusive,test,0
18,split,subject_exclusive,test,10
19,split,subject_exclusive,test,20
2,split,subject_exclusive,test,10
20,split,subject_exclusive,test,0
21,split,subject_exclusive,test,0
22,split,subject_exclusive,test,0
23,split,subject_exclusive,test,0
24,split,subject_exclusive,test,4
25,split,subject_exclusive,test,0
26,split,subject_exclusive,test,0
28,split,subject_exclusive,test,0
29,split,subject_exclusive,test,0
3,split,subject_exclusive,test,0
30,split,subject_exclusive,test,0
31,split,subject_exclusive,test,0
32,split,subject_exclusive,test,0
33,split,subject_exclusive,test,4
34,split,subject_exclusive,test,0
35,split,subject_exclusive,test,0
36,split,subject_exclusive,test,0
37,split,subject_exclusive,test,25
38,split,subject_exclusive,test,9
39,split,subject_exclusive,test,10
4,split,subject_exclusive,test,13
40,split,subject_exclusive,test,9
41,split,subject_exclusive,test,10
42,split,subject_exclusive,test,0
43,split,subject_exclusive,test,10
44,split,subject_exclusive,test,5
45,split,subject_exclusive,test,0
46,split,subject_exclusive,test,0
47,split,subject_exclusive,test,0
48,split,subject_exclusive,test,0
49,split,subject_exclusive,test,15
5,split,subject_exclusive,test,0
50,split,subject_exclusive,test,0
51,split,subject_exclusive,test,0
52,split,subject_exclusive,test,31
53,split,subject_exclusive,test,10
54,split,subject_exclusive,test,10
55,split,subject_exclusive,test,16
56,split,subject_exclusive,test,15
57,split,subject_exclusive,test,6
58,split,subject_exclusive,test,0
59,split,subject_exclusive,test,25
6,split,subject_exclusive,test,0
60,split,subject_exclusive,test,0
61,split,subject_exclusive,test,15
62,split,subject_exclusive,test,0
63,split,subject_exclusive,test,15
64,split,subject_exclusive,test,17
65,split,subject_exclusive,test,0
66,split,subject_exclusive,test,0
67,split,subject_exclusive,test,0
68,split,subject_exclusive,test,15
69,split,subject_exclusive,test,0
7,split,subject_exclusive,test,9
70,split,subject_exclusive,test,11
71,split,subject_exclusive,test,0
72,split,subject_exclusive,test,0
73,split,subject_exclusive,test,0
74,split,subject_exclusive,test,10
75,split,subject_exclusive,test,0
76,split,subject_exclusive,test,0
77,split,subject_exclusive,test,0
78,split,subject_exclusive,test,0
79,split,subject_exclusive,test,0
8,split,subject_exclusive,test,9
80,split,subject_exclusive,test,20
81,split,subject_exclusive,test,0
82,split,subject_exclusive,test,26
83,split,subject_exclusive,test,63
84,split,subject_exclusive,test,0
85,split,subject_exclusive,test,0
86,split,subject_exclusive,test,0
87,split,subject_exclusive,test,0
88,split,subject_exclusive,test,0
89,split,subject_exclusive,test,0
9,split,subject_exclusive,test,25
90,split,subject_exclusive,test,0
91,split,subject_exclusive,test,4
92,split,subject_exclusive,test,0
93,split,subject_exclusive,test,0
95,split,subject_exclusive,test,0
96,split,subject_exclusive,test,0
97,split,subject_exclusive,test,0
98,split,subject_exclusive,test,56
99,split,subject_exclusive,test,231
0,split,model_split,train,3687
1,split,model_split,train,115
10,split,model_split,train,43
100,split,model_split,train,88
101,split,model_split,train,83
102,split,model_split,train,34
103,split,model_split,train,60
104,split,model_split,train,217
105,split,model_split,train,41
106,split,model_split,train,81
108,split,model_split,train,362
109,split,model_split,train,21
11,split,model_split,train,133
110,split,model_split,train,35
111,split,model_split,train,3
112,split,model_split,train,80
113,split,model_split,train,159
114,split,model_split,train,163
115,split,model_split,train,126
116,split,model_split,train,6
117,split,model_split,train,67
118,split,model_split,train,88
119,split,model_split,train,50
12,split,model_split,train,112
120,split,model_split,train,104
121,split,model_split,train,268
122,split,model_split,train,51
123,split,model_split,train,113
124,split,model_split,train,24
125,split,model_split,train,88
126,split,model_split,train,37
127,split,model_split,train,68
128,split,model_split,train,8
129,split,model_split,train,222
13,split,model_split,train,59
130,split,model_split,train,282
131,split,model_split,train,335
132,split,model_split,train,68
133,split,model_split,train,402
134,split,model_split,train,37
135,split,model_split,train,4
136,split,model_split,train,20
137,split,model_split,train,98
14,split,model_split,train,20
15,split,model_split,train,387
16,split,model_split,train,487
17,split,model_split,train,785
18,split,model_split,train,45
19,split,model_split,train,195
2,split,model_split,train,130
20,split,model_split,train,25
21,split,model_split,train,16
22,split,model_split,train,26
23,split,model_split,train,10
24,split,model_split,train,116
25,split,model_split,train,12
26,split,model_split,train,42
28,split,model_split,train,9
29,split,model_split,train,107
3,split,model_split,train,197
30,split,model_split,train,11
31,split,model_split,train,6
32,split,model_split,train,77
33,split,model_split,train,170
34,split,model_split,train,242
35,split,model_split,train,121
36,split,model_split,train,65
37,split,model_split,train,243
38,split,model_split,train,150
39,split,model_split,train,874
4,split,model_split,train,151
40,split,model_split,train,65
41,split,model_split,train,201
42,split,model_split,train,187
43,split,model_split,train,22
44,split,model_split,train,81
45,split,model_split,train,14
46,split,model_split,train,85
47,split,model_split,train,192
48,split,model_split,train,136
49,split,model_split,train,30
5,split,model_split,train,115
50,split,model_split,train,111
51,split,model_split,train,25
52,split,model_split,train,487
53,split,model_split,train,31
54,split,model_split,train,363
55,split,model_split,train,144
56,split,model_split,train,25
57,split,model_split,train,20
58,split,model_split,train,252
59,split,model_split,train,950
6,split,model_split,train,109
60,split,model_split,train,57
61,split,model_split,train,182
62,split,model_split,train,68
63,split,model_split,train,85
64,split,model_split,train,87
65,split,model_split,train,329
66,split,model_split,train,1074
67,split,model_split,train,67
68,split,model_split,train,417
69,split,model_split,train,12
7,split,model_split,train,694
70,split,model_split,train,98
71,split,model_split,train,102
72,split,model_split,train,184
73,split,model_split,train,194
74,split,model_split,train,163
75,split,model_split,train,62
76,split,model_split,train,22
77,split,model_split,train,48
78,split,model_split,train,224
79,split,model_split,train,4
8,split,model_split,train,37
80,split,model_split,train,704
81,split,model_split,train,453
82,split,model_split,train,202
83,split,model_split,train,801
84,split,model_split,train,47
85,split,model_split,train,12
86,split,model_split,train,42
87,split,model_split,train,82
88,split,model_split,train,176
89,split,model_split,train,91
9,split,model_split,train,503
90,split,model_split,train,23
91,split,model_split,train,235
92,split,model_split,train,57
93,split,model_split,train,40
95,split,model_split,train,4
96,split,model_split,train,15
97,split,model_split,train,23
98,split,model_split,train,317
99,split,model_split,train,2153
0,split,model_split,val,677
1,split,model_split,val,15
10,split,model_split,val,6
100,split,model_split,val,41
101,split,model_split,val,3
102,split,model_split,val,6
103,split,model_split,val,7
104,split,model_split,val,41
105,split,model_split,val,4
106,split,model_split,val,3
108,split,model_split,val,51
109,split,model_split,val,5
11,split,model_split,val,21
110,split,model_split,val,5
111,split,model_split,val,1
112,split,model_split,val,6
113,split,model_split,val,31
114,split,model_split,val,36
115,split,model_split,val,20
116,split,model_split,val,1
117,split,model_split,val,6
118,split,model_split,val,10
119,split,model_split,val,7
12,split,model_split,val,9
120,split,model_split,val,13
121,split,model_split,val,38
122,split,model_split,val,4
123,split,model_split,val,25
124,split,model_split,val,5
125,split,model_split,val,8
126,split,model_split,val,5
127,split,model_split,val,7
128,split,model_split,val,1
129,split,model_split,val,23
13,split,model_split,val,9
130,split,model_split,val,29
131,split,model_split,val,40
132,split,model_split,val,4
133,split,model_split,val,69
134,split,model_split,val,3
135,split,model_split,val,0
136,split,model_split,val,5
137,split,model_split,val,28
14,split,model_split,val,7
15,split,model_split,val,46
16,split,model_split,val,76
17,split,model_split,val,130
18,split,model_split,val,9
19,split,model_split,val,35
2,split,model_split,val,22
20,split,model_split,val,5
21,split,model_split,val,6
22,split,model_split,val,1
23,split,model_split,val,4
24,split,model_split,val,25
25,split,model_split,val,0
26,split,model_split,val,4
28,split,model_split,val,0
29,split,model_split,val,11
3,split,model_split,val,21
30,split,model_split,val,9
31,split,model_split,val,3
32,split,model_split,val,19
33,split,model_split,val,37
34,split,model_split,val,42
35,split,model_split,val,22
36,split,model_split,val,7
37,split,model_split,val,21
38,split,model_split,val,18
39,split,model_split,val,112
4,split,model_split,val,20
40,split,model_split,val,8
41,split,model_split,val,27
42,split,model_split,val,44
43,split,model_split,val,8
44,split,model_split,val,13
45,split,model_split,val,3
46,split,model_split,val,22
47,split,model_split,val,26
48,split,model_split,val,16
49,split,model_split,val,5
5,split,model_split,val,13
50,split,model_split,val,17
51,split,model_split,val,1
52,split,model_split,val,75
53,split,model_split,val,1
54,split,model_split,val,46
55,split,model_split,val,11
56,split,model_split,val,1
57,split,model_split,val,2
58,split,model_split,val,41
59,split,model_split,val,141
6,split,model_split,val,22
60,split,model_split,val,11
61,split,model_split,val,22
62,split,model_split,val,11
63,split,model_split,val,14
64,split,model_split,val,8
65,split,model_split,val,55
66,split,model_split,val,174
67,split,model_split,val,9
68,split,model_split,val,55
69,split,model_split,val,2
7,split,model_split,val,117
70,split,model_split,val,16
71,split,model_split,val,13
72,split,model_split,val,18
73,split,model_split,val,34
74,split,model_split,val,15
75,split,model_split,val,7
76,split,model_split,val,1
77,split,model_split,val,3
78,split,model_split,val,26
79,split,model_split,val,0
8,split,model_split,val,3
80,split,model_split,val,96
81,split,model_split,val,84
82,split,model_split,val,25
83,split,model_split,val,102
84,split,model_split,val,6
85,split,model_split,val,1
86,split,model_split,val,4
87,split,model_split,val,11
88,split,model_split,val,20
89,split,model_split,val,23
9,split,model_split,val,70
90,split,model_split,val,1
91,split,model_split,val,30
92,split,model_split,val,2
93,split,model_split,val,6
95,split,model_split,val,5
96,split,model_split,val,5
97,split,model_split,val,13
98,split,model_split,val,40
99,split,model_split,val,352
0,split,model_split,test,1035
1,split,model_split,test,87
10,split,model_split,test,18
100,split,model_split,test,68
101,split,model_split,test,9
102,split,model_split,test,6
103,split,model_split,test,42
104,split,model_split,test,53
105,split,model_split,test,0
106,split,model_split,test,12
108,split,model_split,test,0
109,split,model_split,test,0
11,split,model_split,test,0
110,split,model_split,test,6
111,split,model_split,test,21
112,split,model_split,test,24
113,split,model_split,test,14
114,split,model_split,test,0
115,split,model_split,test,25
116,split,model_split,test,0
117,split,model_split,test,18
118,split,model_split,test,2
119,split,model_split,test,14
12,split,model_split,test,0
120,split,model_split,test,22
121,split,model_split,test,70
122,split,model_split,test,4
123,split,model_split,test,4
124,split,model_split,test,0
125,split,model_split,test,0
126,split,model_split,test,0
127,split,model_split,test,23
128,split,model_split,test,63
129,split,model_split,test,20
13,split,model_split,test,26
130,split,model_split,test,53
131,split,model_split,test,18
132,split,model_split,test,4
133,split,model_split,test,117
134,split,model_split,test,2
135,split,model_split,test,0
136,split,model_split,test,0
137,split,model_split,test,16
14,split,model_split,test,117
15,split,model_split,test,78
16,split,model_split,test,205
17,split,model_split,test,19
18,split,model_split,test,33
19,split,model_split,test,48
2,split,model_split,test,11
20,split,model_split,test,4
21,split,model_split,test,21
22,split,model_split,test,11
23,split,model_split,test,0
24,split,model_split,test,27
25,split,model_split,test,11
26,split,model_split,test,4
28,split,model_split,test,0
29,split,model_split,test,0
3,split,model_split,test,30
30,split,model_split,test,0
31,split,model_split,test,9
32,split,model_split,test,14
33,split,model_split,test,53
34,split,model_split,test,5
35,split,model_split,test,61
36,split,model_split,test,26
37,split,model_split,test,45
38,split,model_split,test,150
39,split,model_split,test,205
4,split,model_split,test,64
40,split,model_split,test,0
41,split,model_split,test,11
42,split,model_split,test,52
43,split,model_split,test,61
44,split,model_split,test,33
45,split,model_split,test,0
46,split,model_split,test,14
47,split,model_split,test,20
48,split,model_split,test,53
49,split,model_split,test,0
5,split,model_split,test,64
50,split,model_split,test,0
51,split,model_split,test,3
52,split,model_split,test,80
53,split,model_split,test,11
54,split,model_split,test,70
55,split,model_split,test,23
56,split,model_split,test,22
57,split,model_split,test,7
58,split,model_split,test,90
59,split,model_split,test,253
6,split,model_split,test,42
60,split,model_split,test,14
61,split,model_split,test,5
62,split,model_split,test,0
63,split,model_split,test,13
64,split,model_split,test,32
65,split,model_split,test,67
66,split,model_split,test,189
67,split,model_split,test,17
68,split,model_split,test,91
69,split,model_split,test,0
7,split,model_split,test,158
70,split,model_split,test,5
71,split,model_split,test,23
72,split,model_split,test,122
73,split,model_split,test,36
74,split,model_split,test,0
75,split,model_split,test,41
76,split,model_split,test,0
77,split,model_split,test,0
78,split,model_split,test,18
79,split,model_split,test,0
8,split,model_split,test,18
80,split,model_split,test,197
81,split,model_split,test,91
82,split,model_split,test,32
83,split,model_split,test,131
84,split,model_split,test,53
85,split,model_split,test,22
86,split,model_split,test,34
87,split,model_split,test,13
88,split,model_split,test,24
89,split,model_split,test,4
9,split,model_split,test,76
90,split,model_split,test,4
91,split,model_split,test,5
92,split,model_split,test,5
93,split,model_split,test,8
95,split,model_split,test,5
96,split,model_split,test,0
97,split,model_split,test,0
98,split,model_split,test,160
99,split,model_split,test,362
0,split,ego_exclusive,train,2813
1,split,ego_exclusive,train,176
10,split,ego_exclusive,train,53
100,split,ego_exclusive,train,145
101,split,ego_exclusive,train,83
102,split,ego_exclusive,train,35
103,split,ego_exclusive,train,89
104,split,ego_exclusive,train,232
105,split,ego_exclusive,train,35
106,split,ego_exclusive,train,78
108,split,ego_exclusive,train,312
109,split,ego_exclusive,train,19
11,split,ego_exclusive,train,118
110,split,ego_exclusive,train,36
111,split,ego_exclusive,train,22
112,split,ego_exclusive,train,90
113,split,ego_exclusive,train,160
114,split,ego_exclusive,train,149
115,split,ego_exclusive,train,137
116,split,ego_exclusive,train,5
117,split,ego_exclusive,train,76
118,split,ego_exclusive,train,82
119,split,ego_exclusive,train,54
12,split,ego_exclusive,train,96
120,split,ego_exclusive,train,111
121,split,ego_exclusive,train,301
122,split,ego_exclusive,train,49
123,split,ego_exclusive,train,115
124,split,ego_exclusive,train,18
125,split,ego_exclusive,train,78
126,split,ego_exclusive,train,33
127,split,ego_exclusive,train,81
128,split,ego_exclusive,train,58
129,split,ego_exclusive,train,221
13,split,ego_exclusive,train,74
130,split,ego_exclusive,train,308
131,split,ego_exclusive,train,339
132,split,ego_exclusive,train,69
133,split,ego_exclusive,train,481
134,split,ego_exclusive,train,34
135,split,ego_exclusive,train,4
136,split,ego_exclusive,train,15
137,split,ego_exclusive,train,99
14,split,ego_exclusive,train,117
15,split,ego_exclusive,train,408
16,split,ego_exclusive,train,617
17,split,ego_exclusive,train,735
18,split,ego_exclusive,train,66
19,split,ego_exclusive,train,216
2,split,ego_exclusive,train,124
20,split,ego_exclusive,train,27
21,split,ego_exclusive,train,28
22,split,ego_exclusive,train,32
23,split,ego_exclusive,train,8
24,split,ego_exclusive,train,129
25,split,ego_exclusive,train,20
26,split,ego_exclusive,train,44
28,split,ego_exclusive,train,9
29,split,ego_exclusive,train,94
3,split,ego_exclusive,train,215
30,split,ego_exclusive,train,10
31,split,ego_exclusive,train,14
32,split,ego_exclusive,train,80
33,split,ego_exclusive,train,195
34,split,ego_exclusive,train,230
35,split,ego_exclusive,train,147
36,split,ego_exclusive,train,79
37,split,ego_exclusive,train,227
38,split,ego_exclusive,train,242
39,split,ego_exclusive,train,934
4,split,ego_exclusive,train,194
40,split,ego_exclusive,train,56
41,split,ego_exclusive,train,175
42,split,ego_exclusive,train,194
43,split,ego_exclusive,train,66
44,split,ego_exclusive,train,100
45,split,ego_exclusive,train,13
46,split,ego_exclusive,train,92
47,split,ego_exclusive,train,178
48,split,ego_exclusive,train,152
49,split,ego_exclusive,train,22
5,split,ego_exclusive,train,155
50,split,ego_exclusive,train,101
51,split,ego_exclusive,train,20
52,split,ego_exclusive,train,460
53,split,ego_exclusive,train,31
54,split,ego_exclusive,train,347
55,split,ego_exclusive,train,134
56,split,ego_exclusive,train,28
57,split,ego_exclusive,train,21
58,split,ego_exclusive,train,278
59,split,ego_exclusive,train,956
6,split,ego_exclusive,train,132
60,split,ego_exclusive,train,63
61,split,ego_exclusive,train,152
62,split,ego_exclusive,train,62
63,split,ego_exclusive,train,82
64,split,ego_exclusive,train,90
65,split,ego_exclusive,train,347
66,split,ego_exclusive,train,1052
67,split,ego_exclusive,train,77
68,split,ego_exclusive,train,438
69,split,ego_exclusive,train,10
7,split,ego_exclusive,train,746
70,split,ego_exclusive,train,87
71,split,ego_exclusive,train,110
72,split,ego_exclusive,train,264
73,split,ego_exclusive,train,200
74,split,ego_exclusive,train,144
75,split,ego_exclusive,train,90
76,split,ego_exclusive,train,20
77,split,ego_exclusive,train,40
78,split,ego_exclusive,train,209
79,split,ego_exclusive,train,4
8,split,ego_exclusive,train,45
80,split,ego_exclusive,train,833
81,split,ego_exclusive,train,472
82,split,ego_exclusive,train,212
83,split,ego_exclusive,train,873
84,split,ego_exclusive,train,92
85,split,ego_exclusive,train,28
86,split,ego_exclusive,train,67
87,split,ego_exclusive,train,89
88,split,ego_exclusive,train,177
89,split,ego_exclusive,train,82
9,split,ego_exclusive,train,511
90,split,ego_exclusive,train,25
91,split,ego_exclusive,train,219
92,split,ego_exclusive,train,57
93,split,ego_exclusive,train,47
95,split,ego_exclusive,train,7
96,split,ego_exclusive,train,14
97,split,ego_exclusive,train,20
98,split,ego_exclusive,train,394
99,split,ego_exclusive,train,2133
0,split,ego_exclusive,val,506
1,split,ego_exclusive,val,23
10,split,ego_exclusive,val,7
100,split,ego_exclusive,val,35
101,split,ego_exclusive,val,5
102,split,ego_exclusive,val,6
103,split,ego_exclusive,val,12
104,split,ego_exclusive,val,44
105,split,ego_exclusive,val,1
106,split,ego_exclusive,val,10
108,split,ego_exclusive,val,43
109,split,ego_exclusive,val,4
11,split,ego_exclusive,val,18
110,split,ego_exclusive,val,10
111,split,ego_exclusive,val,2
112,split,ego_exclusive,val,10
113,split,ego_exclusive,val,29
114,split,ego_exclusive,val,33
115,split,ego_exclusive,val,20
116,split,ego_exclusive,val,0
117,split,ego_exclusive,val,8
118,split,ego_exclusive,val,11
119,split,ego_exclusive,val,10
12,split,ego_exclusive,val,15
120,split,ego_exclusive,val,13
121,split,ego_exclusive,val,45
122,split,ego_exclusive,val,6
123,split,ego_exclusive,val,17
124,split,ego_exclusive,val,10
125,split,ego_exclusive,val,7
126,split,ego_exclusive,val,7
127,split,ego_exclusive,val,11
128,split,ego_exclusive,val,10
129,split,ego_exclusive,val,36
13,split,ego_exclusive,val,14
130,split,ego_exclusive,val,31
131,split,ego_exclusive,val,43
132,split,ego_exclusive,val,3
133,split,ego_exclusive,val,64
134,split,ego_exclusive,val,4
135,split,ego_exclusive,val,0
136,split,ego_exclusive,val,5
137,split,ego_exclusive,val,33
14,split,ego_exclusive,val,18
15,split,ego_exclusive,val,68
16,split,ego_exclusive,val,90
17,split,ego_exclusive,val,134
18,split,ego_exclusive,val,11
19,split,ego_exclusive,val,47
2,split,ego_exclusive,val,24
20,split,ego_exclusive,val,5
21,split,ego_exclusive,val,7
22,split,ego_exclusive,val,2
23,split,ego_exclusive,val,4
24,split,ego_exclusive,val,28
25,split,ego_exclusive,val,0
26,split,ego_exclusive,val,2
28,split,ego_exclusive,val,0
29,split,ego_exclusive,val,9
3,split,ego_exclusive,val,18
30,split,ego_exclusive,val,9
31,split,ego_exclusive,val,2
32,split,ego_exclusive,val,20
33,split,ego_exclusive,val,42
34,split,ego_exclusive,val,37
35,split,ego_exclusive,val,26
36,split,ego_exclusive,val,9
37,split,ego_exclusive,val,27
38,split,ego_exclusive,val,34
39,split,ego_exclusive,val,114
4,split,ego_exclusive,val,24
40,split,ego_exclusive,val,8
41,split,ego_exclusive,val,24
42,split,ego_exclusive,val,50
43,split,ego_exclusive,val,13
44,split,ego_exclusive,val,19
45,split,ego_exclusive,val,3
46,split,ego_exclusive,val,18
47,split,ego_exclusive,val,22
48,split,ego_exclusive,val,28
49,split,ego_exclusive,val,10
5,split,ego_exclusive,val,21
50,split,ego_exclusive,val,15
51,split,ego_exclusive,val,0
52,split,ego_exclusive,val,75
53,split,ego_exclusive,val,4
54,split,ego_exclusive,val,50
55,split,ego_exclusive,val,18
56,split,ego_exclusive,val,6
57,split,ego_exclusive,val,3
58,split,ego_exclusive,val,46
59,split,ego_exclusive,val,135
6,split,ego_exclusive,val,23
60,split,ego_exclusive,val,9
61,split,ego_exclusive,val,24
62,split,ego_exclusive,val,13
63,split,ego_exclusive,val,18
64,split,ego_exclusive,val,14
65,split,ego_exclusive,val,49
66,split,ego_exclusive,val,154
67,split,ego_exclusive,val,11
68,split,ego_exclusive,val,62
69,split,ego_exclusive,val,2
7,split,ego_exclusive,val,126
70,split,ego_exclusive,val,19
71,split,ego_exclusive,val,17
72,split,ego_exclusive,val,25
73,split,ego_exclusive,val,36
74,split,ego_exclusive,val,12
75,split,ego_exclusive,val,8
76,split,ego_exclusive,val,0
77,split,ego_exclusive,val,5
78,split,ego_exclusive,val,26
79,split,ego_exclusive,val,0
8,split,ego_exclusive,val,6
80,split,ego_exclusive,val,99
81,split,ego_exclusive,val,76
82,split,ego_exclusive,val,32
83,split,ego_exclusive,val,104
84,split,ego_exclusive,val,8
85,split,ego_exclusive,val,4
86,split,ego_exclusive,val,6
87,split,ego_exclusive,val,11
88,split,ego_exclusive,val,23
89,split,ego_exclusive,val,26
9,split,ego_exclusive,val,73
90,split,ego_exclusive,val,3
91,split,ego_exclusive,val,26
92,split,ego_exclusive,val,3
93,split,ego_exclusive,val,5
95,split,ego_exclusive,val,5
96,split,ego_exclusive,val,6
97,split,ego_exclusive,val,12
98,split,ego_exclusive,val,65
99,split,ego_exclusive,val,379
0,split,ego_exclusive,test,2080
1,split,ego_exclusive,test,18
10,split,ego_exclusive,test,7
100,split,ego_exclusive,test,17
101,split,ego_exclusive,test,7
102,split,ego_exclusive,test,5
103,split,ego_exclusive,test,8
104,split,ego_exclusive,test,35
105,split,ego_exclusive,test,9
106,split,ego_exclusive,test,8
108,split,ego_exclusive,test,58
109,split,ego_exclusive,test,3
11,split,ego_exclusive,test,18
110,split,ego_exclusive,test,0
111,split,ego_exclusive,test,1
112,split,ego_exclusive,test,10
113,split,ego_exclusive,test,15
114,split,ego_exclusive,test,17
115,split,ego_exclusive,test,14
116,split,ego_exclusive,test,2
117,split,ego_exclusive,test,7
118,split,ego_exclusive,test,7
119,split,ego_exclusive,test,7
12,split,ego_exclusive,test,10
120,split,ego_exclusive,test,15
121,split,ego_exclusive,test,30
122,split,ego_exclusive,test,4
123,split,ego_exclusive,test,10
124,split,ego_exclusive,test,1
125,split,ego_exclusive,test,11
126,split,ego_exclusive,test,2
127,split,ego_exclusive,test,6
128,split,ego_exclusive,test,4
129,split,ego_exclusive,test,8
13,split,ego_exclusive,test,6
130,split,ego_exclusive,test,25
131,split,ego_exclusive,test,11
132,split,ego_exclusive,test,4
133,split,ego_exclusive,test,43
134,split,ego_exclusive,test,4
135,split,ego_exclusive,test,0
136,split,ego_exclusive,test,5
137,split,ego_exclusive,test,10
14,split,ego_exclusive,test,9
15,split,ego_exclusive,test,35
16,split,ego_exclusive,test,61
17,split,ego_exclusive,test,65
18,split,ego_exclusive,test,10
19,split,ego_exclusive,test,15
2,split,ego_exclusive,test,15
20,split,ego_exclusive,test,2
21,split,ego_exclusive,test,8
22,split,ego_exclusive,test,4
23,split,ego_exclusive,test,2
24,split,ego_exclusive,test,11
25,split,ego_exclusive,test,3
26,split,ego_exclusive,test,4
28,split,ego_exclusive,test,0
29,split,ego_exclusive,test,15
3,split,ego_exclusive,test,15
30,split,ego_exclusive,test,1
31,split,ego_exclusive,test,2
32,split,ego_exclusive,test,10
33,split,ego_exclusive,test,23
34,split,ego_exclusive,test,22
35,split,ego_exclusive,test,31
36,split,ego_exclusive,test,10
37,split,ego_exclusive,test,55
38,split,ego_exclusive,test,42
39,split,ego_exclusive,test,143
4,split,ego_exclusive,test,17
40,split,ego_exclusive,test,9
41,split,ego_exclusive,test,40
42,split,ego_exclusive,test,39
43,split,ego_exclusive,test,12
44,split,ego_exclusive,test,8
45,split,ego_exclusive,test,1
46,split,ego_exclusive,test,11
47,split,ego_exclusive,test,38
48,split,ego_exclusive,test,25
49,split,ego_exclusive,test,3
5,split,ego_exclusive,test,16
50,split,ego_exclusive,test,12
51,split,ego_exclusive,test,9
52,split,ego_exclusive,test,107
53,split,ego_exclusive,test,8
54,split,ego_exclusive,test,82
55,split,ego_exclusive,test,26
56,split,ego_exclusive,test,14
57,split,ego_exclusive,test,5
58,split,ego_exclusive,test,59
59,split,ego_exclusive,test,253
6,split,ego_exclusive,test,18
60,split,ego_exclusive,test,10
61,split,ego_exclusive,test,33
62,split,ego_exclusive,test,4
63,split,ego_exclusive,test,12
64,split,ego_exclusive,test,23
65,split,ego_exclusive,test,55
66,split,ego_exclusive,test,231
67,split,ego_exclusive,test,5
68,split,ego_exclusive,test,63
69,split,ego_exclusive,test,2
7,split,ego_exclusive,test,97
70,split,ego_exclusive,test,13
71,split,ego_exclusive,test,11
72,split,ego_exclusive,test,35
73,split,ego_exclusive,test,28
74,split,ego_exclusive,test,22
75,split,ego_exclusive,test,12
76,split,ego_exclusive,test,3
77,split,ego_exclusive,test,6
78,split,ego_exclusive,test,33
79,split,ego_exclusive,test,0
8,split,ego_exclusive,test,7
80,split,ego_exclusive,test,65
81,split,ego_exclusive,test,80
82,split,ego_exclusive,test,15
83,split,ego_exclusive,test,57
84,split,ego_exclusive,test,6
85,split,ego_exclusive,test,3
86,split,ego_exclusive,test,7
87,split,ego_exclusive,test,6
88,split,ego_exclusive,test,20
89,split,ego_exclusive,test,10
9,split,ego_exclusive,test,65
90,split,ego_exclusive,test,0
91,split,ego_exclusive,test,25
92,split,ego_exclusive,test,4
93,split,ego_exclusive,test,2
95,split,ego_exclusive,test,2
96,split,ego_exclusive,test,0
97,split,ego_exclusive,test,4
98,split,ego_exclusive,test,58
99,split,ego_exclusive,test,355
